{"audio":0.43000054359436035,"fx":0.699999988079071,"music":1.0}